<?xml version="1.0" encoding="UTF-8"?>
<!-- Copyright ETS-Soft -->
<slides><slide obj="MLS_Slide" id_slide="1" image="slide1.png" repeat_x="0" repeat_y="0" sort_order="1" backgroud_color="#f6f6f6" custom_class="" enabled="1" animation_in="fadeIn" animation_out="fadeOut" title="Slide 1" link_img="/themes/foodstore/modules/ets_multilayerslider/views/img/upload/slide1.png" max_layer_in="2500" max_layer_out="1200"><layers><layer obj="MLS_Layer" id_slide="1" layer_type="text" font_size="48.00" text_color="#43b728" custom_class="main_color title_slider" background_color="#F3F3F3" background_opacity="1.00" font_family="Brawler" font_weight="normal" text_decoration="none" text_transform="none" padding="5px 10px" box_radius="20" top="93.00" left="104.00" right="0.00" top_right="0.00" animation_in="slideInRight" animation_out="slideOutRight" width="" height="" sort_order="1" move_in="1000" move_out="500" stand_duration="0" start_delay="0" image="" content_layer="Foods &amp;amp; Drink" link="" link_image="/themes/foodstore/modules/ets_multilayerslider/views/img/upload/"/><layer obj="MLS_Layer" id_slide="1" layer_type="text" font_size="18.00" text_color="#b4b4b4" custom_class="sub_title" background_color="#ec4249" background_opacity="1.00" font_family="Open Sans" font_weight="normal" text_decoration="none" text_transform="none" padding="10px 20px" box_radius="20" top="181.00" left="106.00" right="0.00" top_right="0.00" animation_in="slideInRight" animation_out="slideOutRight" width="" height="" sort_order="2" move_in="1000" move_out="700" stand_duration="500" start_delay="900" image="" content_layer="Lorem ipsum dolor sit amet, consectetur adipiscing &lt;br /&gt;&#13;&#10;elit. Integer nec odio. Praesent libero. Sed &lt;br /&gt;&#13;&#10;cursus ante dapibus diam. Sed nisi" link="#" link_image="/themes/foodstore/modules/ets_multilayerslider/views/img/upload/"/><layer obj="MLS_Layer" id_slide="1" layer_type="button" font_size="16.00" text_color="#ffffff" custom_class="main_background" background_color="#43b728" background_opacity="1.00" font_family="Open Sans" font_weight="normal" text_decoration="none" text_transform="none" padding="15px 22px" box_radius="5" top="279.00" left="105.00" right="0.00" top_right="0.00" animation_in="zoomIn" animation_out="zoomOut" width="" height="" sort_order="3" move_in="1000" move_out="500" stand_duration="500" start_delay="1500" image="" content_layer="Purchase Now" link="#" link_image="/themes/foodstore/modules/ets_multilayerslider/views/img/upload/"/></layers></slide><slide obj="MLS_Slide" id_slide="2" image="286ce89325-slide2.png" repeat_x="0" repeat_y="0" sort_order="2" backgroud_color="#f6f6f6" custom_class="" enabled="1" animation_in="fadeIn" animation_out="fadeOut" title="Slide 2" link_img="/themes/foodstore/modules/ets_multilayerslider/views/img/upload/286ce89325-slide2.png" max_layer_in="2500" max_layer_out="1000"><layers><layer obj="MLS_Layer" id_slide="2" layer_type="text" font_size="48.00" text_color="#43b728" custom_class="main_color title_slider" background_color="#ffffff" background_opacity="1.00" font_family="Brawler" font_weight="normal" text_decoration="none" text_transform="none" padding="1px 5px" box_radius="20" top="93.00" left="104.00" right="0.00" top_right="0.00" animation_in="fadeInLeft" animation_out="fadeOutLeft" width="" height="" sort_order="2" move_in="1000" move_out="500" stand_duration="0" start_delay="0" image="" content_layer="Fresh foods" link="" link_image="/themes/foodstore/modules/ets_multilayerslider/views/img/upload/"/><layer obj="MLS_Layer" id_slide="2" layer_type="text" font_size="18.00" text_color="#b4b4b4" custom_class="sub_title" background_color="#F3F3F3" background_opacity="1.00" font_family="Open Sans" font_weight="normal" text_decoration="none" text_transform="none" padding="5px 10px" box_radius="20" top="181.00" left="106.00" right="0.00" top_right="0.00" animation_in="slideInRight" animation_out="slideOutRight" width="" height="" sort_order="3" move_in="1000" move_out="500" stand_duration="0" start_delay="0" image="" content_layer="Lorem ipsum dolor sit amet, consectetur adipiscing &lt;br /&gt;&#13;&#10;elit. Integer nec odio. Praesent libero. Sed &lt;br /&gt;&#13;&#10;cursus ante dapibus diam. Sed nisi" link="" link_image="/themes/foodstore/modules/ets_multilayerslider/views/img/upload/"/><layer obj="MLS_Layer" id_slide="2" layer_type="button" font_size="16.00" text_color="#ffffff" custom_class="main_background" background_color="#43b728" background_opacity="1.00" font_family="Open Sans" font_weight="normal" text_decoration="none" text_transform="none" padding="15px 22px" box_radius="5" top="279.00" left="105.00" right="0.00" top_right="0.00" animation_in="zoomIn" animation_out="zoomOut" width="" height="" sort_order="4" move_in="1000" move_out="500" stand_duration="500" start_delay="1500" image="" content_layer="Purchase Now" link="#" link_image="/themes/foodstore/modules/ets_multilayerslider/views/img/upload/"/></layers></slide><slide obj="MLS_Slide" id_slide="3" image="slide3.png" repeat_x="0" repeat_y="0" sort_order="3" backgroud_color="#f6f6f6" custom_class="" enabled="1" animation_in="fadeIn" animation_out="fadeOut" title="Slide 3" link_img="/themes/foodstore/modules/ets_multilayerslider/views/img/upload/slide3.png" max_layer_in="2500" max_layer_out="1200"><layers><layer obj="MLS_Layer" id_slide="3" layer_type="text" font_size="48.00" text_color="#57b30c" custom_class="main_color title_slider" background_color="#ec4249" background_opacity="1.00" font_family="Brawler" font_weight="normal" text_decoration="none" text_transform="none" padding="10px 20px" box_radius="20" top="93.00" left="104.00" right="0.00" top_right="0.00" animation_in="slideInRight" animation_out="slideOutRight" width="" height="" sort_order="3" move_in="1000" move_out="700" stand_duration="500" start_delay="900" image="" content_layer="Luxury wines" link="#" link_image="/themes/foodstore/modules/ets_multilayerslider/views/img/upload/"/><layer obj="MLS_Layer" id_slide="3" layer_type="text" font_size="18.00" text_color="#b4b4b4" custom_class="sub_title" background_color="#F3F3F3" background_opacity="1.00" font_family="Open Sans" font_weight="normal" text_decoration="none" text_transform="none" padding="5px 10px" box_radius="20" top="181.00" left="106.00" right="0.00" top_right="0.00" animation_in="fadeIn" animation_out="fadeOut" width="" height="" sort_order="4" move_in="1000" move_out="500" stand_duration="0" start_delay="0" image="" content_layer="Lorem ipsum dolor sit amet, consectetur adipiscing &lt;br /&gt;&#13;&#10;elit. Integer nec odio. Praesent libero. Sed &lt;br /&gt;&#13;&#10;cursus ante dapibus diam. Sed nisi" link="" link_image="/themes/foodstore/modules/ets_multilayerslider/views/img/upload/"/><layer obj="MLS_Layer" id_slide="3" layer_type="button" font_size="16.00" text_color="#ffffff" custom_class="main_background" background_color="#43b728" background_opacity="1.00" font_family="Open Sans" font_weight="normal" text_decoration="none" text_transform="none" padding="15px 22px" box_radius="5" top="279.00" left="105.00" right="0.00" top_right="0.00" animation_in="zoomIn" animation_out="zoomOut" width="" height="" sort_order="5" move_in="1000" move_out="500" stand_duration="500" start_delay="1500" image="" content_layer="Purchase Now" link="#" link_image="/themes/foodstore/modules/ets_multilayerslider/views/img/upload/"/></layers></slide></slides>
