<?xml version="1.0" encoding="UTF-8"?>
<!-- Copyright ETS-Soft -->
<slides><slide obj="MLS_Slide" id_slide="10" image="10_slider5.jpg" repeat_x="0" repeat_y="0" sort_order="1" backgroud_color="#f5f5f2" custom_class="" enabled="1" animation_in="zoomInFlipHoriz" animation_out="fadeOut" title="5" link_img="/freshfood17/modules/ets_multilayerslider/views/img/upload/10_slider5.jpg" max_layer_in="3500" max_layer_out="1200"><layers><layer obj="MLS_Layer" id_slide="10" layer_type="text" font_size="40.00" text_color="#50be07" custom_class="main_color" background_color="#F3F3F3" background_opacity="1.00" font_family="Montserrat" font_weight="bold" text_decoration="none" text_transform="none" padding="5px 10px" box_radius="20" top="93.86" left="370.00" right="0.00" top_right="0.00" animation_in="fadeInLeft" animation_out="fadeOutLeft" width="" height="" sort_order="1" move_in="1000" move_out="500" stand_duration="0" start_delay="0" image="" content_layer="Get ready... Get fresh!" link="" link_image="/freshfood17/modules/ets_multilayerslider/views/img/upload/"/><layer obj="MLS_Layer" id_slide="10" layer_type="text" font_size="20.00" text_color="#333333" custom_class="" background_color="#F3F3F3" background_opacity="1.00" font_family="Montserrat" font_weight="bold" text_decoration="none" text_transform="none" padding="5px 10px" box_radius="20" top="154.27" left="370.00" right="0.00" top_right="0.00" animation_in="slideInRight" animation_out="slideOutRight" width="" height="" sort_order="2" move_in="1000" move_out="500" stand_duration="0" start_delay="0" image="" content_layer="All products are from our private farms" link="" link_image="/freshfood17/modules/ets_multilayerslider/views/img/upload/"/><layer obj="MLS_Layer" id_slide="10" layer_type="text" font_size="16.00" text_color="" custom_class="" background_color="#ec4249" background_opacity="1.00" font_family="" font_weight="normal" text_decoration="none" text_transform="none" padding="10px 20px" box_radius="20" top="193.80" left="370.00" right="0.00" top_right="0.00" animation_in="slideInRight" animation_out="slideOutRight" width="" height="" sort_order="3" move_in="1000" move_out="700" stand_duration="500" start_delay="900" image="" content_layer="We are the best furniture supplier in the" link="#" link_image="/freshfood17/modules/ets_multilayerslider/views/img/upload/"/><layer obj="MLS_Layer" id_slide="10" layer_type="text" font_size="16.00" text_color="" custom_class="" background_color="#F3F3F3" background_opacity="1.00" font_family="" font_weight="normal" text_decoration="none" text_transform="none" padding="5px 10px" box_radius="20" top="226.25" left="370.00" right="0.00" top_right="0.00" animation_in="fadeInRight" animation_out="fadeOutRight" width="" height="" sort_order="5" move_in="1000" move_out="500" stand_duration="700" start_delay="1200" image="" content_layer="world!" link="" link_image="/freshfood17/modules/ets_multilayerslider/views/img/upload/"/><layer obj="MLS_Layer" id_slide="10" layer_type="button" font_size="14.00" text_color="#ffffff" custom_class="bg_main" background_color="#50be07" background_opacity="1.00" font_family="Montserrat" font_weight="normal" text_decoration="underline" text_transform="uppercase" padding="15px 20px" box_radius="20" top="269.64" left="370.00" right="0.00" top_right="0.00" animation_in="zoomIn" animation_out="zoomOut" width="" height="" sort_order="6" move_in="1000" move_out="500" stand_duration="500" start_delay="2500" image="" content_layer="Order Now" link="#" link_image="/freshfood17/modules/ets_multilayerslider/views/img/upload/"/></layers></slide><slide obj="MLS_Slide" id_slide="2" image="slider-1.jpg" repeat_x="0" repeat_y="0" sort_order="2" backgroud_color="#f5f5f2" custom_class="" enabled="1" animation_in="zoomInFlipHoriz" animation_out="zoomOutFlipVert" title="Slide 1" link_img="/freshfood17/modules/ets_multilayerslider/views/img/upload/slider-1.jpg" max_layer_in="3000" max_layer_out="2500"><layers><layer obj="MLS_Layer" id_slide="2" layer_type="text" font_size="40.00" text_color="#50be07" custom_class="main_color" background_color="#F3F3F3" background_opacity="1.00" font_family="" font_weight="bold" text_decoration="none" text_transform="none" padding="5px 10px" box_radius="20" top="101.86" left="955.00" right="0.00" top_right="0.00" animation_in="fadeInLeft" animation_out="fadeOutLeft" width="" height="" sort_order="1" move_in="1000" move_out="500" stand_duration="0" start_delay="0" image="" content_layer="Fresh foods and drinks" link="" link_image="/freshfood17/modules/ets_multilayerslider/views/img/upload/"/><layer obj="MLS_Layer" id_slide="2" layer_type="text" font_size="20.00" text_color="#333333" custom_class="" background_color="#ec4249" background_opacity="1.00" font_family="" font_weight="bold" text_decoration="none" text_transform="none" padding="10px 20px" box_radius="20" top="156.04" left="955.00" right="0.00" top_right="0.00" animation_in="slideInRight" animation_out="slideOutRight" width="" height="" sort_order="2" move_in="1000" move_out="700" stand_duration="500" start_delay="900" image="" content_layer="Buy healthy foods online" link="#" link_image="/freshfood17/modules/ets_multilayerslider/views/img/upload/"/><layer obj="MLS_Layer" id_slide="2" layer_type="button" font_size="14.00" text_color="#ffffff" custom_class="bg_main" background_color="#50be07" background_opacity="1.00" font_family="Montserrat" font_weight="normal" text_decoration="underline" text_transform="uppercase" padding="15px 20px" box_radius="20" top="303.60" left="955.00" right="0.00" top_right="0.00" animation_in="zoomIn" animation_out="zoomOut" width="" height="" sort_order="3" move_in="1000" move_out="500" stand_duration="2000" start_delay="2000" image="" content_layer="Order Now" link="#" link_image="/freshfood17/modules/ets_multilayerslider/views/img/upload/"/><layer obj="MLS_Layer" id_slide="2" layer_type="text" font_size="16.00" text_color="" custom_class="" background_color="#F3F3F3" background_opacity="1.00" font_family="" font_weight="normal" text_decoration="none" text_transform="none" padding="5px 10px" box_radius="20" top="193.72" left="955.00" right="0.00" top_right="0.00" animation_in="fadeIn" animation_out="fadeOut" width="" height="" sort_order="4" move_in="1000" move_out="500" stand_duration="1500" start_delay="1500" image="" content_layer="Lorem ipsum dolor sit amet, consectetur adipiscing elit. Integer" link="" link_image="/freshfood17/modules/ets_multilayerslider/views/img/upload/"/><layer obj="MLS_Layer" id_slide="2" layer_type="text" font_size="16.00" text_color="" custom_class="" background_color="#F3F3F3" background_opacity="1.00" font_family="" font_weight="normal" text_decoration="none" text_transform="none" padding="5px 10px" box_radius="20" top="226.23" left="955.00" right="0.00" top_right="0.00" animation_in="fadeIn" animation_out="fadeOut" width="" height="" sort_order="5" move_in="1000" move_out="500" stand_duration="1500" start_delay="1500" image="" content_layer="nec odio. Praesent libero. Sed cursus ante dapibus diam." link="" link_image="/freshfood17/modules/ets_multilayerslider/views/img/upload/"/><layer obj="MLS_Layer" id_slide="2" layer_type="text" font_size="16.00" text_color="" custom_class="" background_color="#F3F3F3" background_opacity="1.00" font_family="" font_weight="normal" text_decoration="none" text_transform="none" padding="5px 10px" box_radius="20" top="258.78" left="955.00" right="0.00" top_right="0.00" animation_in="fadeIn" animation_out="fadeOut" width="" height="" sort_order="6" move_in="1000" move_out="500" stand_duration="1500" start_delay="1500" image="" content_layer="Nulla quis sem at" link="" link_image="/freshfood17/modules/ets_multilayerslider/views/img/upload/"/></layers></slide><slide obj="MLS_Slide" id_slide="8" image="26dc118747-4.jpg" repeat_x="0" repeat_y="0" sort_order="3" backgroud_color="#f5f5f2" custom_class="" enabled="1" animation_in="zoomInFlipHoriz" animation_out="zoomOutFlipVert" title="4" link_img="/freshfood17/modules/ets_multilayerslider/views/img/upload/26dc118747-4.jpg" max_layer_in="3500" max_layer_out="2000"><layers><layer obj="MLS_Layer" id_slide="8" layer_type="text" font_size="40.00" text_color="#50be07" custom_class="main_color" background_color="#F3F3F3" background_opacity="1.00" font_family="" font_weight="bold" text_decoration="none" text_transform="none" padding="5px 10px" box_radius="20" top="101.86" left="950.00" right="0.00" top_right="0.00" animation_in="fadeInLeft" animation_out="fadeOutLeft" width="" height="" sort_order="1" move_in="1000" move_out="500" stand_duration="0" start_delay="0" image="" content_layer="Fresh foods and drinks" link="" link_image="/freshfood17/modules/ets_multilayerslider/views/img/upload/"/><layer obj="MLS_Layer" id_slide="8" layer_type="text" font_size="20.00" text_color="#333333" custom_class="" background_color="#ec4249" background_opacity="1.00" font_family="" font_weight="bold" text_decoration="none" text_transform="none" padding="10px 20px" box_radius="20" top="156.04" left="950.00" right="0.00" top_right="0.00" animation_in="slideInRight" animation_out="slideOutRight" width="" height="" sort_order="2" move_in="1000" move_out="700" stand_duration="500" start_delay="900" image="" content_layer="Buy healthy foods online" link="#" link_image="/freshfood17/modules/ets_multilayerslider/views/img/upload/"/><layer obj="MLS_Layer" id_slide="8" layer_type="button" font_size="14.00" text_color="#ffffff" custom_class="bg_main" background_color="#50be07" background_opacity="1.00" font_family="Montserrat" font_weight="normal" text_decoration="underline" text_transform="none" padding="15px 20px" box_radius="20" top="303.60" left="950.00" right="0.00" top_right="0.00" animation_in="zoomIn" animation_out="zoomOut" width="" height="" sort_order="3" move_in="1000" move_out="500" stand_duration="500" start_delay="2500" image="" content_layer="Order Now" link="#" link_image="/freshfood17/modules/ets_multilayerslider/views/img/upload/"/><layer obj="MLS_Layer" id_slide="8" layer_type="text" font_size="16.00" text_color="" custom_class="" background_color="#F3F3F3" background_opacity="1.00" font_family="" font_weight="normal" text_decoration="none" text_transform="none" padding="5px 10px" box_radius="20" top="193.72" left="950.00" right="0.00" top_right="0.00" animation_in="slideInUp" animation_out="fadeOutLeft" width="" height="" sort_order="4" move_in="1000" move_out="500" stand_duration="1200" start_delay="1500" image="" content_layer="Lorem ipsum dolor sit amet, consectetur adipiscing elit. Integer" link="" link_image="/freshfood17/modules/ets_multilayerslider/views/img/upload/"/><layer obj="MLS_Layer" id_slide="8" layer_type="text" font_size="16.00" text_color="" custom_class="" background_color="#F3F3F3" background_opacity="1.00" font_family="" font_weight="normal" text_decoration="none" text_transform="none" padding="5px 10px" box_radius="20" top="226.23" left="950.00" right="0.00" top_right="0.00" animation_in="slideInUp" animation_out="slideOutLeft" width="" height="" sort_order="5" move_in="1000" move_out="500" stand_duration="1500" start_delay="1800" image="" content_layer="nec odio. Praesent libero. Sed cursus ante dapibus diam." link="" link_image="/freshfood17/modules/ets_multilayerslider/views/img/upload/"/><layer obj="MLS_Layer" id_slide="8" layer_type="text" font_size="16.00" text_color="" custom_class="" background_color="#F3F3F3" background_opacity="1.00" font_family="" font_weight="normal" text_decoration="none" text_transform="none" padding="5px 10px" box_radius="20" top="258.78" left="950.00" right="0.00" top_right="0.00" animation_in="slideInUp" animation_out="slideOutLeft" width="" height="" sort_order="6" move_in="1000" move_out="500" stand_duration="1500" start_delay="2100" image="" content_layer="Nulla quis sem at" link="" link_image="/freshfood17/modules/ets_multilayerslider/views/img/upload/"/></layers></slide><slide obj="MLS_Slide" id_slide="1" image="slider5.jpg" repeat_x="0" repeat_y="0" sort_order="4" backgroud_color="#f5f5f2" custom_class="" enabled="1" animation_in="zoomInFlipHoriz" animation_out="slideOutRight" title="1-2" link_img="/freshfood17/modules/ets_multilayerslider/views/img/upload/slider5.jpg" max_layer_in="3500" max_layer_out="2000"><layers><layer obj="MLS_Layer" id_slide="1" layer_type="text" font_size="40.00" text_color="#50be07" custom_class="main_color" background_color="#F3F3F3" background_opacity="1.00" font_family="Montserrat" font_weight="bold" text_decoration="none" text_transform="none" padding="5px 10px" box_radius="20" top="93.86" left="370.00" right="0.00" top_right="0.00" animation_in="fadeInLeft" animation_out="fadeOutLeft" width="" height="" sort_order="1" move_in="1000" move_out="500" stand_duration="0" start_delay="0" image="" content_layer="Get ready... Get fresh!" link="" link_image="/freshfood17/modules/ets_multilayerslider/views/img/upload/"/><layer obj="MLS_Layer" id_slide="1" layer_type="text" font_size="20.00" text_color="#333333" custom_class="" background_color="#F3F3F3" background_opacity="1.00" font_family="Montserrat" font_weight="bold" text_decoration="none" text_transform="none" padding="5px 10px" box_radius="20" top="154.27" left="370.00" right="0.00" top_right="0.00" animation_in="slideInRight" animation_out="slideOutRight" width="" height="" sort_order="2" move_in="1000" move_out="500" stand_duration="0" start_delay="0" image="" content_layer="All products are from our private farms" link="" link_image="/freshfood17/modules/ets_multilayerslider/views/img/upload/"/><layer obj="MLS_Layer" id_slide="1" layer_type="text" font_size="16.00" text_color="" custom_class="" background_color="#ec4249" background_opacity="1.00" font_family="" font_weight="normal" text_decoration="none" text_transform="none" padding="10px 20px" box_radius="20" top="193.80" left="370.00" right="0.00" top_right="0.00" animation_in="slideInRight" animation_out="slideOutRight" width="" height="" sort_order="3" move_in="1000" move_out="700" stand_duration="500" start_delay="900" image="" content_layer="We are the best furniture supplier in the" link="#" link_image="/freshfood17/modules/ets_multilayerslider/views/img/upload/"/><layer obj="MLS_Layer" id_slide="1" layer_type="text" font_size="16.00" text_color="" custom_class="" background_color="#F3F3F3" background_opacity="1.00" font_family="" font_weight="normal" text_decoration="none" text_transform="none" padding="5px 10px" box_radius="20" top="226.25" left="370.00" right="0.00" top_right="0.00" animation_in="slideInRight" animation_out="fadeOutRight" width="" height="" sort_order="4" move_in="1000" move_out="700" stand_duration="1000" start_delay="1500" image="" content_layer="world!" link="" link_image="/freshfood17/modules/ets_multilayerslider/views/img/upload/"/><layer obj="MLS_Layer" id_slide="1" layer_type="button" font_size="14.00" text_color="#ffffff" custom_class="bg_main" background_color="#50be07" background_opacity="1.00" font_family="Montserrat" font_weight="normal" text_decoration="underline" text_transform="uppercase" padding="15px 20px" box_radius="20" top="269.64" left="370.00" right="0.00" top_right="0.00" animation_in="zoomIn" animation_out="zoomOut" width="" height="" sort_order="5" move_in="1000" move_out="500" stand_duration="1500" start_delay="2500" image="" content_layer="Order Now" link="#" link_image="/freshfood17/modules/ets_multilayerslider/views/img/upload/"/></layers></slide><slide obj="MLS_Slide" id_slide="3" image="sl2.jpg" repeat_x="0" repeat_y="0" sort_order="5" backgroud_color="#f5f5f2" custom_class="" enabled="1" animation_in="zoomInFlipHoriz" animation_out="zoomOutFlipVert" title="Slide 2" link_img="/freshfood17/modules/ets_multilayerslider/views/img/upload/sl2.jpg" max_layer_in="1700" max_layer_out="900"><layers><layer obj="MLS_Layer" id_slide="3" layer_type="text_background" font_size="20.00" text_color="#ffffff" custom_class="" background_color="#f88a0c" background_opacity="1.00" font_family="Montserrat" font_weight="normal" text_decoration="none" text_transform="none" padding="10px 15px" box_radius="20" top="176.00" left="110.00" right="0.00" top_right="0.00" animation_in="rotateZInRight" animation_out="fadeOut" width="" height="" sort_order="1" move_in="1000" move_out="500" stand_duration="0" start_delay="0" image="" content_layer="Seasonal fruits" link="" link_image="/freshfood17/modules/ets_multilayerslider/views/img/upload/"/><layer obj="MLS_Layer" id_slide="3" layer_type="text_background" font_size="30.00" text_color="#ffffff" custom_class="bg_main" background_color="#50be07" background_opacity="0.80" font_family="Montserrat" font_weight="bold" text_decoration="none" text_transform="uppercase" padding="15px 20px" box_radius="20" top="250.00" left="110.00" right="0.00" top_right="0.00" animation_in="rotateIn" animation_out="fadeOut" width="" height="" sort_order="2" move_in="1000" move_out="500" stand_duration="400" start_delay="700" image="" content_layer="Fresh orange juice" link="" link_image="/freshfood17/modules/ets_multilayerslider/views/img/upload/"/></layers></slide><slide obj="MLS_Slide" id_slide="7" image="sl22.jpg" repeat_x="0" repeat_y="0" sort_order="6" backgroud_color="#f5f5f2" custom_class="" enabled="1" animation_in="zoomInFlipHoriz" animation_out="zoomOutFlipVert" title="2-2" link_img="/freshfood17/modules/ets_multilayerslider/views/img/upload/sl22.jpg" max_layer_in="1800" max_layer_out="900"><layers><layer obj="MLS_Layer" id_slide="7" layer_type="text_background" font_size="20.00" text_color="#ffffff" custom_class="" background_color="#f88a0c" background_opacity="1.00" font_family="Montserrat" font_weight="normal" text_decoration="none" text_transform="none" padding="10px 15px" box_radius="20" top="176.00" left="110.00" right="0.00" top_right="0.00" animation_in="fadeIn" animation_out="fadeOut" width="" height="" sort_order="1" move_in="1000" move_out="500" stand_duration="0" start_delay="0" image="" content_layer="Buy healthy foods online" link="" link_image="/freshfood17/modules/ets_multilayerslider/views/img/upload/"/><layer obj="MLS_Layer" id_slide="7" layer_type="text_background" font_size="30.00" text_color="#ffffff" custom_class="bg_main" background_color="#50be07" background_opacity="0.80" font_family="Montserrat" font_weight="bold" text_decoration="none" text_transform="uppercase" padding="15px 20px" box_radius="20" top="250.00" left="110.00" right="0.00" top_right="0.00" animation_in="fadeIn" animation_out="fadeOut" width="" height="" sort_order="2" move_in="1000" move_out="500" stand_duration="400" start_delay="800" image="" content_layer="Fresh foods and drinks" link="" link_image="/freshfood17/modules/ets_multilayerslider/views/img/upload/"/></layers></slide><slide obj="MLS_Slide" id_slide="9" image="9_sl2.jpg" repeat_x="0" repeat_y="0" sort_order="7" backgroud_color="#f5f5f2" custom_class="" enabled="1" animation_in="zoomInFlipHoriz" animation_out="zoomOutFlipVert" title="3-2" link_img="/freshfood17/modules/ets_multilayerslider/views/img/upload/9_sl2.jpg" max_layer_in="1700" max_layer_out="1000"><layers><layer obj="MLS_Layer" id_slide="9" layer_type="text_background" font_size="20.00" text_color="#ffffff" custom_class="" background_color="#f88a0c" background_opacity="1.00" font_family="Montserrat" font_weight="normal" text_decoration="none" text_transform="none" padding="10px 15px" box_radius="20" top="176.00" left="110.00" right="0.00" top_right="0.00" animation_in="bounceIn" animation_out="bounceOut" width="" height="" sort_order="1" move_in="1000" move_out="700" stand_duration="0" start_delay="0" image="" content_layer="Seasonal fruits" link="" link_image="/freshfood17/modules/ets_multilayerslider/views/img/upload/"/><layer obj="MLS_Layer" id_slide="9" layer_type="text_background" font_size="30.00" text_color="#ffffff" custom_class="bg_main" background_color="#50be07" background_opacity="0.80" font_family="Montserrat" font_weight="bold" text_decoration="none" text_transform="uppercase" padding="15px 20px" box_radius="20" top="250.00" left="110.00" right="0.00" top_right="0.00" animation_in="bounce" animation_out="bounceOut" width="" height="" sort_order="2" move_in="1000" move_out="500" stand_duration="500" start_delay="700" image="" content_layer="Fresh orange juice" link="" link_image="/freshfood17/modules/ets_multilayerslider/views/img/upload/"/></layers></slide><slide obj="MLS_Slide" id_slide="5" image="62.jpg" repeat_x="0" repeat_y="0" sort_order="8" backgroud_color="#eeeeee" custom_class="" enabled="1" animation_in="fadeIn" animation_out="fadeOut" title="6-2" link_img="/freshfood17/modules/ets_multilayerslider/views/img/upload/62.jpg" max_layer_in="1700" max_layer_out="900"><layers><layer obj="MLS_Layer" id_slide="5" layer_type="text_background" font_size="20.00" text_color="#ffffff" custom_class="" background_color="#f88a0c" background_opacity="0.70" font_family="Montserrat" font_weight="normal" text_decoration="none" text_transform="none" padding="10px 20px" box_radius="20" top="180.00" left="180.00" right="0.00" top_right="0.00" animation_in="zoomIn" animation_out="zoomOut" width="" height="" sort_order="1" move_in="1000" move_out="500" stand_duration="0" start_delay="0" image="" content_layer="Buy healthy foods online" link="" link_image="/freshfood17/modules/ets_multilayerslider/views/img/upload/"/><layer obj="MLS_Layer" id_slide="5" layer_type="text_background" font_size="30.00" text_color="#ffffff" custom_class="bg_main" background_color="#50be07" background_opacity="0.70" font_family="Montserrat" font_weight="600" text_decoration="none" text_transform="uppercase" padding="10px 15px" box_radius="20" top="250.00" left="180.00" right="0.00" top_right="0.00" animation_in="zoomIn" animation_out="zoomOut" width="" height="" sort_order="2" move_in="1000" move_out="500" stand_duration="400" start_delay="700" image="" content_layer="Fresh foods and drinks" link="" link_image="/freshfood17/modules/ets_multilayerslider/views/img/upload/"/></layers></slide><slide obj="MLS_Slide" id_slide="4" image="6.jpg" repeat_x="0" repeat_y="0" sort_order="9" backgroud_color="#eeeeee" custom_class="" enabled="1" animation_in="fadeIn" animation_out="fadeOut" title="6" link_img="/freshfood17/modules/ets_multilayerslider/views/img/upload/6.jpg" max_layer_in="1800" max_layer_out="900"><layers><layer obj="MLS_Layer" id_slide="4" layer_type="text_background" font_size="20.00" text_color="#ffffff" custom_class="" background_color="#f88a0c" background_opacity="0.70" font_family="Montserrat" font_weight="normal" text_decoration="none" text_transform="none" padding="10px 20px" box_radius="20" top="180.00" left="180.00" right="0.00" top_right="0.00" animation_in="zoomInFlipHoriz" animation_out="zoomOut" width="" height="" sort_order="1" move_in="1000" move_out="500" stand_duration="0" start_delay="0" image="" content_layer="Outstanding services" link="" link_image="/freshfood17/modules/ets_multilayerslider/views/img/upload/"/><layer obj="MLS_Layer" id_slide="4" layer_type="text_background" font_size="30.00" text_color="#ffffff" custom_class="bg_main" background_color="#50be07" background_opacity="0.70" font_family="Montserrat" font_weight="600" text_decoration="none" text_transform="uppercase" padding="15px 20px" box_radius="20" top="250.00" left="180.00" right="0.00" top_right="0.00" animation_in="zoomInFlipHoriz" animation_out="zoomOut" width="" height="" sort_order="2" move_in="1000" move_out="500" stand_duration="400" start_delay="800" image="" content_layer="The frestest ingredients" link="" link_image="/freshfood17/modules/ets_multilayerslider/views/img/upload/"/></layers></slide></slides>
