<?xml version="1.0" encoding="UTF-8"?>
<!-- Copyright ETS-Soft -->
<menus><menu id_menu="1" sort_order="1" enabled="1" id_cms="0" id_manufacturer="0" id_category="0" link_type="HOME" sub_menu_type="LEFT" sub_menu_max_width="70" custom_class="home_layout_menu" bubble_text_color="#ffffff" bubble_background_color="#FC4444" title="Home" link="" bubble_text="" menu_link="http://preview.yourbestcode.com/freshfood17/en/"><columns/></menu><menu id_menu="2" sort_order="2" enabled="1" id_cms="0" id_manufacturer="0" id_category="3" link_type="CATEGORY" sub_menu_type="FULL" sub_menu_max_width="100" custom_class="" bubble_text_color="#ffffff" bubble_background_color="#FC4444" title="Fruits" link="" bubble_text="" menu_link="http://preview.yourbestcode.com/freshfood17/en/3-women"><columns><column id_menu="2" is_breaker="0" column_size="3" sort_order="1"><blocks><block id_column="1" block_type="CATEGORY" image="" sort_order="1" enabled="1" id_categories="11,6,5,7,10" id_manufacturers="" id_products="" id_cmss="" display_title="1" title="Lorem ipsum" title_link="" content="&lt;ul&gt;&#13;&#10;                    &lt;li&gt;&#13;&#10;                &lt;a href=&quot;#&quot;&gt;Blouses&lt;/a&gt;&#13;&#10;                            &lt;/li&gt;&#13;&#10;                    &lt;li&gt;&#13;&#10;                &lt;a href=&quot;#&quot;&gt;Casual Dresses&lt;/a&gt;&#13;&#10;                            &lt;/li&gt;&#13;&#10;                    &lt;li&gt;&#13;&#10;                &lt;a href=&quot;#&quot;&gt;Dresses&lt;/a&gt;&#13;&#10;                            &lt;/li&gt;&#13;&#10;                    &lt;li&gt;&#13;&#10;                &lt;a href=&quot;#&quot;&gt;T-shirts&lt;/a&gt;&#13;&#10;                            &lt;/li&gt;&#13;&#10;                    &lt;li&gt;&#13;&#10;                &lt;a href=&quot;#&quot;&gt;Tops&lt;/a&gt;&#13;&#10;                            &lt;/li&gt;&#13;&#10;            &lt;/ul&gt;" image_link=""/></blocks></column><column id_menu="2" is_breaker="0" column_size="3" sort_order="2"><blocks><block id_column="2" block_type="CATEGORY" image="" sort_order="1" enabled="1" id_categories="11,6,7,9,10" id_manufacturers="" id_products="" id_cmss="" display_title="1" title="Lorem ipsum" title_link="" content="&lt;ul&gt;&#13;&#10;                    &lt;li&gt;&#13;&#10;                &lt;a href=&quot;#&quot;&gt;Blouses&lt;/a&gt;&#13;&#10;                            &lt;/li&gt;&#13;&#10;                    &lt;li&gt;&#13;&#10;                &lt;a href=&quot;#&quot;&gt;Casual Dresses&lt;/a&gt;&#13;&#10;                            &lt;/li&gt;&#13;&#10;                    &lt;li&gt;&#13;&#10;                &lt;a href=&quot;#&quot;&gt;Dresses&lt;/a&gt;&#13;&#10;                            &lt;/li&gt;&#13;&#10;                    &lt;li&gt;&#13;&#10;                &lt;a href=&quot;#&quot;&gt;T-shirts&lt;/a&gt;&#13;&#10;                            &lt;/li&gt;&#13;&#10;                    &lt;li&gt;&#13;&#10;                &lt;a href=&quot;#&quot;&gt;Tops&lt;/a&gt;&#13;&#10;                            &lt;/li&gt;&#13;&#10;            &lt;/ul&gt;" image_link=""/></blocks></column><column id_menu="2" is_breaker="0" column_size="3" sort_order="3"><blocks><block id_column="3" block_type="HTML" image="" sort_order="1" enabled="1" id_categories="" id_manufacturers="" id_products="" id_cmss="" display_title="1" title="Lorem ipsum" title_link="" content="&lt;ul&gt;&#13;&#10;                    &lt;li&gt;&#13;&#10;                &lt;a href=&quot;#&quot;&gt;Blouses&lt;/a&gt;&#13;&#10;                            &lt;/li&gt;&#13;&#10;                    &lt;li&gt;&#13;&#10;                &lt;a href=&quot;#&quot;&gt;Casual Dresses&lt;/a&gt;&#13;&#10;                            &lt;/li&gt;&#13;&#10;                    &lt;li&gt;&#13;&#10;                &lt;a href=&quot;#&quot;&gt;Dresses&lt;/a&gt;&#13;&#10;                            &lt;/li&gt;&#13;&#10;                    &lt;li&gt;&#13;&#10;                &lt;a href=&quot;#&quot;&gt;T-shirts&lt;/a&gt;&#13;&#10;                            &lt;/li&gt;&#13;&#10;                    &lt;li&gt;&#13;&#10;                &lt;a href=&quot;#&quot;&gt;Tops&lt;/a&gt;&#13;&#10;                            &lt;/li&gt;&#13;&#10;            &lt;/ul&gt;" image_link=""/></blocks></column><column id_menu="2" is_breaker="0" column_size="3" sort_order="4"><blocks><block id_column="4" block_type="IMAGE" image="menu1.jpg" sort_order="1" enabled="1" id_categories="" id_manufacturers="" id_products="" id_cmss="" display_title="0" title="img" title_link="" content="" image_link=""/></blocks></column></columns></menu><menu id_menu="4" sort_order="3" enabled="1" id_cms="4" id_manufacturer="0" id_category="3" link_type="CATEGORY" sub_menu_type="FULL" sub_menu_max_width="100" custom_class="sub_h4_up" bubble_text_color="#ffffff" bubble_background_color="#FC4444" title="Meats" link="#" bubble_text="" menu_link="http://preview.yourbestcode.com/freshfood17/en/3-women"><columns><column id_menu="4" is_breaker="0" column_size="2" sort_order="1"><blocks><block id_column="8" block_type="IMAGE" image="mn1.jpg" sort_order="1" enabled="1" id_categories="" id_manufacturers="" id_products="" id_cmss="" display_title="0" title="Orange juice" title_link="" content="" image_link="#"/><block id_column="8" block_type="HTML" image="" sort_order="2" enabled="1" id_categories="5" id_manufacturers="" id_products="" id_cmss="" display_title="0" title="Orange Juice" title_link="" content="&lt;h4&gt;&lt;a href=&quot;#&quot; style=&quot;text-align: center;display:block&quot;&gt;ORANGE JUICE&lt;/a&gt;&lt;/h4&gt;" image_link=""/></blocks></column><column id_menu="4" is_breaker="0" column_size="2" sort_order="2"><blocks><block id_column="9" block_type="IMAGE" image="mn2.jpg.png" sort_order="1" enabled="1" id_categories="" id_manufacturers="" id_products="" id_cmss="" display_title="0" title="Meats" title_link="" content="" image_link="#"/><block id_column="9" block_type="HTML" image="" sort_order="2" enabled="1" id_categories="5" id_manufacturers="" id_products="" id_cmss="" display_title="0" title="MEATS" title_link="" content="&lt;h4&gt;&lt;a href=&quot;#&quot; style=&quot;text-align: center;display:block&quot;&gt;MEATS&lt;/a&gt;&lt;/h4&gt;" image_link=""/></blocks></column><column id_menu="4" is_breaker="0" column_size="2" sort_order="3"><blocks><block id_column="10" block_type="IMAGE" image="mn3.jpg" sort_order="1" enabled="1" id_categories="" id_manufacturers="" id_products="" id_cmss="" display_title="0" title="Wines" title_link="" content="" image_link="#"/><block id_column="10" block_type="HTML" image="" sort_order="2" enabled="1" id_categories="5" id_manufacturers="" id_products="" id_cmss="" display_title="0" title="Orange Juice" title_link="" content="&lt;h4&gt;&lt;a href=&quot;#&quot; style=&quot;text-align: center;display:block&quot;&gt;WINES&lt;/a&gt;&lt;/h4&gt;" image_link=""/></blocks></column><column id_menu="4" is_breaker="0" column_size="2" sort_order="4"><blocks><block id_column="11" block_type="IMAGE" image="mn4.jpg" sort_order="1" enabled="1" id_categories="" id_manufacturers="" id_products="" id_cmss="" display_title="0" title="Cakes" title_link="" content="" image_link="#"/><block id_column="11" block_type="HTML" image="" sort_order="2" enabled="1" id_categories="5" id_manufacturers="" id_products="" id_cmss="" display_title="0" title="CAKES" title_link="" content="&lt;h4&gt;&lt;a href=&quot;#&quot; style=&quot;text-align: center;display:block&quot;&gt;CAKES&lt;/a&gt;&lt;/h4&gt;" image_link=""/></blocks></column><column id_menu="4" is_breaker="0" column_size="2" sort_order="5"><blocks><block id_column="12" block_type="IMAGE" image="mn5.jpg.png" sort_order="1" enabled="1" id_categories="" id_manufacturers="" id_products="" id_cmss="" display_title="0" title="Foods" title_link="" content="" image_link="#"/><block id_column="12" block_type="HTML" image="" sort_order="2" enabled="1" id_categories="5" id_manufacturers="" id_products="" id_cmss="" display_title="0" title="Foods" title_link="" content="&lt;h4&gt;&lt;a href=&quot;#&quot; style=&quot;text-align: center;display:block&quot;&gt;FOODS&lt;/a&gt;&lt;/h4&gt;" image_link=""/></blocks></column><column id_menu="4" is_breaker="0" column_size="2" sort_order="6"><blocks><block id_column="13" block_type="IMAGE" image="mn6.jpg" sort_order="1" enabled="1" id_categories="" id_manufacturers="" id_products="" id_cmss="" display_title="0" title="Icreams" title_link="" content="" image_link="#"/><block id_column="13" block_type="HTML" image="" sort_order="2" enabled="1" id_categories="5" id_manufacturers="" id_products="" id_cmss="" display_title="0" title="Icreams" title_link="" content="&lt;h4&gt;&lt;a href=&quot;#&quot; style=&quot;text-align: center;display:block&quot;&gt;ICREAMS&lt;/a&gt;&lt;/h4&gt;" image_link=""/></blocks></column></columns></menu><menu id_menu="6" sort_order="4" enabled="1" id_cms="0" id_manufacturer="0" id_category="3" link_type="CATEGORY" sub_menu_type="FULL" sub_menu_max_width="100" custom_class="" bubble_text_color="#ffffff" bubble_background_color="#FC4444" title="Vegetable" link="" bubble_text="" menu_link="http://preview.yourbestcode.com/freshfood17/en/3-women"><columns/></menu><menu id_menu="7" sort_order="5" enabled="1" id_cms="0" id_manufacturer="0" id_category="4" link_type="CATEGORY" sub_menu_type="FULL" sub_menu_max_width="100" custom_class="" bubble_text_color="#ffffff" bubble_background_color="#FC4444" title="Drink" link="" bubble_text="" menu_link="http://preview.yourbestcode.com/freshfood17/en/4-fruits"><columns/></menu><menu id_menu="3" sort_order="6" enabled="1" id_cms="0" id_manufacturer="0" id_category="0" link_type="CUSTOM" sub_menu_type="LEFT" sub_menu_max_width="20" custom_class="" bubble_text_color="#ffffff" bubble_background_color="#FC4444" title="Blog" link="http://prestaman.com/ybcthemes/freshfood17/en/blog" bubble_text="" menu_link="http://prestaman.com/ybcthemes/freshfood17/en/blog"><columns><column id_menu="3" is_breaker="0" column_size="12" sort_order="1"><blocks><block id_column="14" block_type="HTML" image="" sort_order="1" enabled="1" id_categories="" id_manufacturers="" id_products="" id_cmss="" display_title="0" title="blog html" title_link="" content="&lt;ul&gt;&lt;li&gt;&lt;a href=&quot;http://preview.yourbestcode.com/freshfood17/en/blog&quot;&gt;Main page&lt;/a&gt;&lt;/li&gt;&#13;&#10;&lt;li&gt;&lt;a href=&quot;http://preview.yourbestcode.com/freshfood17/en/blog/post/1-sample-post1.html&quot;&gt;Post page&lt;/a&gt;&lt;/li&gt;&#13;&#10;&lt;li&gt;&lt;a href=&quot;http://preview.yourbestcode.com/freshfood17/en/blog/category/1-fashion.html&quot;&gt;Category page&lt;/a&gt;&lt;/li&gt;&#13;&#10;&lt;li&gt;&lt;a href=&quot;http://preview.yourbestcode.com/freshfood17/en/blog/author/1-dola-nguyen&quot;&gt;Author page&lt;/a&gt;&lt;/li&gt;&#13;&#10;&lt;/ul&gt;" image_link=""/></blocks></column></columns></menu><menu id_menu="5" sort_order="7" enabled="1" id_cms="0" id_manufacturer="0" id_category="0" link_type="CONTACT" sub_menu_type="LEFT" sub_menu_max_width="20" custom_class="contact_menu" bubble_text_color="#ffffff" bubble_background_color="#FC4444" title="Contact" link="" bubble_text="" menu_link="http://preview.yourbestcode.com/freshfood17/en/contact-us"><columns/></menu></menus>
