<?xml version="1.0" encoding="UTF-8"?>
<!-- Copyright ETS-Soft -->
<menus><menu id_menu="1" sort_order="1" enabled="1" id_cms="0" id_manufacturer="0" id_category="0" link_type="HOME" sub_menu_type="LEFT" sub_menu_max_width="70" custom_class="home_layout_menu" bubble_text_color="#ffffff" bubble_background_color="#FC4444" title="Home" link="" bubble_text="" menu_link="https://preview.etssoft.net/themes/foodstore/en/"><columns/></menu><menu id_menu="2" sort_order="2" enabled="1" id_cms="0" id_manufacturer="0" id_category="4" link_type="CUSTOM" sub_menu_type="FULL" sub_menu_max_width="100" custom_class="" bubble_text_color="#ffffff" bubble_background_color="#FC4444" title="Fresh Foods" link="#" bubble_text="" menu_link="#"><columns><column id_menu="2" is_breaker="0" column_size="3" sort_order="1"><blocks><block id_column="8" block_type="IMAGE" image="coffee-png-file.png" sort_order="1" enabled="1" id_categories="" id_manufacturers="" id_products="" id_cmss="" display_title="0" title="coffee" title_link="" content="" image_link=""/><block id_column="8" block_type="CATEGORY" image="" sort_order="2" enabled="1" id_categories="5,6,7,9" id_manufacturers="" id_products="" id_cmss="" display_title="1" title="Lorem ipsum dolor" title_link="" content="" image_link=""/></blocks></column><column id_menu="2" is_breaker="0" column_size="3" sort_order="2"><blocks><block id_column="11" block_type="IMAGE" image="9df5091bc9-beef.png" sort_order="2" enabled="1" id_categories="" id_manufacturers="" id_products="" id_cmss="" display_title="0" title="coffee" title_link="" content="" image_link=""/><block id_column="11" block_type="CATEGORY" image="" sort_order="3" enabled="1" id_categories="5,6,7,9" id_manufacturers="" id_products="" id_cmss="" display_title="1" title="Lorem ipsum dolor" title_link="" content="" image_link=""/></blocks></column><column id_menu="2" is_breaker="0" column_size="3" sort_order="3"><blocks><block id_column="10" block_type="IMAGE" image="965b03ed28-cacke.png" sort_order="2" enabled="1" id_categories="" id_manufacturers="" id_products="" id_cmss="" display_title="0" title="coffee" title_link="" content="" image_link=""/><block id_column="10" block_type="CATEGORY" image="" sort_order="3" enabled="1" id_categories="5,6,7,9" id_manufacturers="" id_products="" id_cmss="" display_title="1" title="Lorem ipsum dolor" title_link="" content="" image_link=""/></blocks></column><column id_menu="2" is_breaker="0" column_size="3" sort_order="4"><blocks><block id_column="9" block_type="IMAGE" image="15082830f6-drink.png" sort_order="2" enabled="1" id_categories="" id_manufacturers="" id_products="" id_cmss="" display_title="0" title="coffee" title_link="" content="" image_link=""/><block id_column="9" block_type="CATEGORY" image="" sort_order="3" enabled="1" id_categories="5,6,7,9" id_manufacturers="" id_products="" id_cmss="" display_title="1" title="Lorem ipsum dolor" title_link="" content="" image_link=""/></blocks></column></columns></menu><menu id_menu="3" sort_order="3" enabled="1" id_cms="0" id_manufacturer="0" id_category="0" link_type="CUSTOM" sub_menu_type="FULL" sub_menu_max_width="100" custom_class="" bubble_text_color="#ffffff" bubble_background_color="#FC4444" title="Vegatables" link="#" bubble_text="" menu_link="#"><columns><column id_menu="3" is_breaker="0" column_size="3" sort_order="1"><blocks><block id_column="12" block_type="CATEGORY" image="" sort_order="1" enabled="1" id_categories="7,9,10,11" id_manufacturers="" id_products="" id_cmss="" display_title="1" title="Lorem ipsum dolor" title_link="" content="" image_link=""/></blocks></column><column id_menu="3" is_breaker="0" column_size="3" sort_order="2"><blocks><block id_column="14" block_type="CATEGORY" image="" sort_order="1" enabled="1" id_categories="7,9,10,11" id_manufacturers="" id_products="" id_cmss="" display_title="1" title="Lorem ipsum dolor" title_link="" content="" image_link=""/></blocks></column><column id_menu="3" is_breaker="0" column_size="3" sort_order="3"><blocks><block id_column="13" block_type="CATEGORY" image="" sort_order="1" enabled="1" id_categories="7,9,10,11" id_manufacturers="" id_products="" id_cmss="" display_title="1" title="Lorem ipsum dolor" title_link="" content="" image_link=""/></blocks></column><column id_menu="3" is_breaker="0" column_size="3" sort_order="4"><blocks><block id_column="15" block_type="IMAGE" image="fruits.png" sort_order="1" enabled="1" id_categories="" id_manufacturers="" id_products="" id_cmss="" display_title="0" title="img" title_link="" content="" image_link=""/></blocks></column></columns></menu><menu id_menu="4" sort_order="4" enabled="1" id_cms="4" id_manufacturer="0" id_category="0" link_type="CUSTOM" sub_menu_type="FULL" sub_menu_max_width="100" custom_class="" bubble_text_color="#ffffff" bubble_background_color="#FC4444" title="Meat" link="#" bubble_text="" menu_link="#"><columns/></menu><menu id_menu="5" sort_order="5" enabled="1" id_cms="0" id_manufacturer="0" id_category="0" link_type="CUSTOM" sub_menu_type="FULL" sub_menu_max_width="100" custom_class="" bubble_text_color="#ffffff" bubble_background_color="#FC4444" title="Pork" link="#" bubble_text="" menu_link="#"><columns/></menu><menu id_menu="8" sort_order="6" enabled="1" id_cms="0" id_manufacturer="0" id_category="0" link_type="CUSTOM" sub_menu_type="FULL" sub_menu_max_width="100" custom_class="" bubble_text_color="#ffffff" bubble_background_color="#FC4444" title="Drinks" link="#" bubble_text="" menu_link="#"><columns/></menu><menu id_menu="6" sort_order="7" enabled="1" id_cms="0" id_manufacturer="0" id_category="0" link_type="CUSTOM" sub_menu_type="LEFT" sub_menu_max_width="15" custom_class="contact_blog" bubble_text_color="#ffffff" bubble_background_color="#FC4444" title="Blog" link="#" bubble_text="" menu_link="#"><columns><column id_menu="6" is_breaker="0" column_size="12" sort_order="1"><blocks><block id_column="6" block_type="HTML" image="" sort_order="1" enabled="1" id_categories="" id_manufacturers="" id_products="" id_cmss="" display_title="0" title="blog" title_link="" content="&lt;ul&gt;&#13;&#10;&#9;&lt;li&gt;&lt;a href=&quot;#&quot;&gt;Main page&lt;/a&gt;&lt;/li&gt;&#13;&#10;&#9;&lt;li&gt;&lt;a href=&quot;#&quot;&gt;Post page&lt;/a&gt;&lt;/li&gt;&#13;&#10;&#9;&lt;li&gt;&lt;a href=&quot;#&quot;&gt;Category page&lt;/a&gt;&lt;/li&gt;&#13;&#10;&#9;&lt;li&gt;&lt;a href=&quot;#&quot;&gt;Author page&lt;/a&gt;&lt;/li&gt;&#13;&#10;&lt;/ul&gt;" image_link=""/></blocks></column></columns></menu><menu id_menu="7" sort_order="8" enabled="1" id_cms="0" id_manufacturer="0" id_category="0" link_type="CONTACT" sub_menu_type="LEFT" sub_menu_max_width="15" custom_class="contact_menu contact_blog" bubble_text_color="#ffffff" bubble_background_color="#FC4444" title="Contact" link="" bubble_text="" menu_link="https://preview.etssoft.net/themes/foodstore/en/contact-us"><columns><column id_menu="7" is_breaker="0" column_size="12" sort_order="1"><blocks><block id_column="7" block_type="HTML" image="" sort_order="1" enabled="1" id_categories="" id_manufacturers="" id_products="" id_cmss="" display_title="0" title="contact demo" title_link="" content="&lt;ul&gt;&#13;&#10;&lt;li&gt;&lt;a href=&quot;#&quot;&gt;Contact page 1&lt;/a&gt;&lt;/li&gt;&#13;&#10;&lt;li&gt;&lt;a href=&quot;#&quot;&gt;Contact page 2&lt;/a&gt;&lt;/li&gt;&#13;&#10;&lt;li&gt;&lt;a href=&quot;#&quot;&gt;Contact page 3&lt;/a&gt;&lt;/li&gt;&#13;&#10;&lt;/ul&gt;" image_link=""/></blocks></column></columns></menu></menus>
